date, actual, prediction
2016-06-16,17733.099609,17731.615234375
2016-06-15,17640.169922,17628.19921875
2016-06-14,17674.820312,17666.03515625
2016-06-13,17732.480469,17732.13671875
2016-06-10,17865.339844,17862.470703125
2016-06-09,17985.189453,17984.98828125
2016-06-08,18005.050781,17997.71484375
2016-06-07,17938.279297,17935.734375
2016-06-06,17920.330078,17928.671875
2016-06-03,17807.060547,17804.0546875
2016-06-02,17838.560547,17846.23046875
2016-06-01,17789.669922,17775.716796875
2016-05-31,17787.199219,17790.333984375
2016-05-27,17873.220703,17867.6015625
2016-05-26,17828.289062,17839.4375
2016-05-25,17851.509766,17854.3515625
2016-05-24,17706.050781,17705.71875
2016-05-23,17492.929688,17487.099609375
2016-05-20,17500.939453,17488.875
2016-05-19,17435.400391,17435.228515625
2016-05-18,17526.619141,17505.880859375
2016-05-17,17529.980469,17538.859375
2016-05-16,17710.710938,17712.32421875
2016-05-13,17535.320312,17536.16015625
2016-05-12,17720.5,17713.5625
2016-05-11,17711.119141,17717.212890625
2016-05-10,17928.349609,17923.326171875
2016-05-09,17705.910156,17704.4765625
2016-05-06,17740.630859,17742.80078125
2016-05-05,17660.710938,17658.796875
2016-05-04,17651.259766,17678.71484375
2016-05-03,17750.910156,17749.904296875
2016-05-02,17891.160156,17886.7890625
2016-04-29,17773.640625,17717.990234375
2016-04-28,17830.759766,17825.75
2016-04-27,18041.550781,18037.44140625
2016-04-26,17990.320312,17989.83203125
2016-04-25,17977.240234,17977.01171875
2016-04-22,18003.75,17991.771484375
2016-04-21,17982.519531,17991.6640625
2016-04-20,18096.269531,18091.79296875
2016-04-19,18053.599609,17975.1015625
2016-04-18,18004.160156,18006.5859375
2016-04-15,17897.460938,17893.5625
2016-04-14,17926.429688,17917.455078125
2016-04-13,17908.279297,17918.00390625
2016-04-12,17721.25,17718.2421875
2016-04-11,17556.410156,17541.5859375
2016-04-08,17576.960938,17575.63671875
2016-04-07,17541.960938,17543.236328125
2016-04-06,17716.050781,17714.330078125
2016-04-05,17603.320312,17589.126953125
2016-04-04,17737.0,17736.126953125
2016-04-01,17792.75,17747.5546875
2016-03-31,17685.089844,17699.62109375
2016-03-30,17716.660156,17713.515625
2016-03-29,17633.109375,17657.109375
2016-03-28,17535.390625,17530.865234375
2016-03-24,17515.730469,17521.470703125
2016-03-23,17502.589844,17496.7109375
2016-03-22,17582.570312,17575.826171875
2016-03-21,17623.869141,17628.017578125
2016-03-18,17602.300781,17600.314453125
2016-03-17,17481.490234,17478.990234375
2016-03-16,17325.759766,17317.064453125
2016-03-15,17251.529297,17247.8203125
2016-03-14,17229.130859,17208.84765625
2016-03-11,17213.310547,17225.640625
2016-03-10,16995.130859,17002.046875
2016-03-09,17000.359375,17008.234375
2016-03-08,16964.099609,16951.29296875
2016-03-07,17073.949219,17073.515625
2016-03-04,17006.769531,16822.83984375
2016-03-03,16943.900391,16945.294921875
2016-03-02,16899.320312,16896.59375
2016-03-01,16865.080078,16876.322265625
2016-02-29,16516.5,16517.818359375
2016-02-26,16639.970703,16636.673828125
2016-02-25,16697.289062,16723.654296875
2016-02-24,16484.990234,16490.5703125
2016-02-23,16431.779297,16433.298828125
2016-02-22,16620.660156,16613.5
2016-02-19,16391.990234,16379.158203125
2016-02-18,16413.429688,16416.52734375
2016-02-17,16453.830078,16457.44921875
2016-02-16,16196.410156,16191.8818359375
2016-02-12,15973.839844,15959.2880859375
2016-02-11,15660.179688,15660.953125
2016-02-10,15914.740234,15906.7509765625
2016-02-09,16014.379883,16008.4638671875
2016-02-08,16027.049805,16023.3662109375
2016-02-05,16204.969727,16204.6396484375
2016-02-04,16416.580078,16417.65234375
2016-02-03,16336.660156,16322.921875
2016-02-02,16153.540039,16140.6162109375
2016-02-01,16449.179688,16448.69140625
2016-01-29,16466.300781,16463.421875
2016-01-28,16069.639648,16060.83203125
2016-01-27,15944.459961,15981.654296875
2016-01-26,16167.230469,16182.5009765625
2016-01-25,15885.219727,15880.4404296875
2016-01-22,16093.509766,16088.458984375
2016-01-21,15882.679688,15870.6103515625
2016-01-20,15766.740234,15754.771484375
2016-01-19,16016.019531,16012.6923828125
2016-01-15,15988.080078,15995.978515625
2016-01-14,16379.049805,16384.306640625
2016-01-13,16151.410156,16147.2158203125
2016-01-12,16516.220703,16510.4765625
2016-01-11,16398.570312,16385.994140625
2016-01-08,16346.450195,16345.537109375
2016-01-07,16514.099609,16515.7421875
2016-01-06,16906.509766,16924.16796875
2016-01-05,17158.660156,17159.2265625
2016-01-04,17148.939453,17144.3515625
2015-12-31,17425.029297,17402.259765625
2015-12-30,17603.869141,17602.142578125
2015-12-29,17720.980469,17711.5390625
2015-12-28,17528.269531,17525.259765625
2015-12-24,17552.169922,17567.259765625
2015-12-23,17602.609375,17603.41015625
2015-12-22,17417.269531,17418.05859375
2015-12-21,17251.619141,17193.990234375
2015-12-18,17128.550781,17116.578125
2015-12-17,17495.839844,17497.197265625
2015-12-16,17749.089844,17745.609375
2015-12-15,17524.910156,17512.708984375
2015-12-14,17368.5,17358.375
2015-12-11,17265.210938,17264.4921875
2015-12-10,17574.75,17576.2421875
2015-12-09,17492.300781,17490.38671875
2015-12-08,17568.0,17560.923828125
2015-12-07,17730.509766,17717.666015625
2015-12-04,17847.630859,17839.306640625
2015-12-03,17477.669922,17469.810546875
2015-12-02,17729.679688,17726.26171875
2015-12-01,17888.349609,17904.5
2015-11-30,17719.919922,17724.65625
2015-11-27,17813.390625,17810.23046875
2015-11-25,17813.390625,17806.212890625
2015-11-24,17812.189453,17810.333984375
2015-11-23,17792.679688,17799.02734375
2015-11-20,17823.810547,17818.265625
2015-11-19,17732.75,17725.96484375
2015-11-18,17737.160156,17731.5703125
2015-11-17,17489.5,17486.193359375
2015-11-16,17483.009766,17477.681640625
2015-11-13,17245.240234,17248.55078125
2015-11-12,17448.070312,17433.78515625
2015-11-11,17702.220703,17684.1640625
2015-11-10,17758.210938,17750.1171875
2015-11-09,17730.480469,17723.26171875
2015-11-06,17910.330078,17912.189453125
2015-11-05,17863.429688,17863.63671875
2015-11-04,17867.580078,17861.08203125
2015-11-03,17918.150391,17907.861328125
2015-11-02,17828.759766,17841.9375
2015-10-30,17663.539062,17656.384765625
2015-10-29,17755.800781,17753.458984375
2015-10-28,17779.519531,17774.744140625
2015-10-27,17581.429688,17586.71484375
2015-10-26,17623.050781,17584.392578125
2015-10-23,17646.699219,17654.53125
2015-10-22,17489.160156,17459.51953125
2015-10-21,17168.609375,17165.55078125
2015-10-20,17217.109375,17175.275390625
2015-10-19,17230.539062,17255.6015625
2015-10-16,17215.970703,17215.6875
2015-10-15,17141.75,17125.556640625
2015-10-14,16924.75,16917.26171875
2015-10-13,17081.890625,17102.212890625
2015-10-12,17131.859375,17121.546875
2015-10-09,17084.490234,17076.482421875
2015-10-08,17050.75,17055.921875
2015-10-07,16912.289062,16899.6875
2015-10-06,16790.189453,16779.908203125
2015-10-05,16776.429688,16775.701171875
2015-10-02,16472.369141,16464.12890625
2015-10-01,16272.009766,16268.0869140625
2015-09-30,16284.700195,16285.2783203125
2015-09-29,16049.129883,16019.7138671875
2015-09-28,16001.889648,16010.5615234375
2015-09-25,16314.669922,16310.875
2015-09-24,16201.320312,16196.2880859375
2015-09-23,16279.889648,16287.1455078125
2015-09-22,16330.469727,16334.4267578125
2015-09-21,16510.189453,16510.806640625
2015-09-18,16384.580078,16383.9296875
2015-09-17,16674.740234,16671.169921875
2015-09-16,16739.949219,16737.70703125
2015-09-15,16599.849609,16613.72265625
2015-09-14,16370.959961,16375.1044921875
2015-09-11,16433.089844,16433.685546875
2015-09-10,16330.400391,16315.4033203125
2015-09-09,16253.570312,16258.7216796875
2015-09-08,16492.679688,16498.466796875
2015-09-04,16102.379883,16095.3779296875
2015-09-03,16374.759766,16382.5517578125
2015-09-02,16351.379883,16361.4736328125
2015-09-01,16058.349609,16057.3837890625
2015-08-31,16528.029297,16541.9765625
2015-08-28,16643.009766,16636.669921875
2015-08-27,16654.769531,16646.390625
2015-08-26,16285.509766,16325.330078125
2015-08-25,15666.44043,15655.0458984375
2015-08-24,15871.349609,15882.634765625
2015-08-21,16459.75,16456.875
2015-08-20,16990.689453,17037.0
2015-08-19,17348.730469,17342.03125
2015-08-18,17511.339844,17498.21875
2015-08-17,17545.179688,17558.146484375
2015-08-14,17477.400391,17473.44140625
2015-08-13,17408.25,17400.599609375
2015-08-12,17402.509766,17396.107421875
2015-08-11,17402.839844,17409.26171875
2015-08-10,17615.169922,17606.654296875
2015-08-07,17373.380859,17378.248046875
2015-08-06,17419.75,17390.0078125
2015-08-05,17540.470703,17526.349609375
2015-08-04,17550.689453,17547.125
2015-08-03,17598.199219,17594.38671875
2015-07-31,17689.859375,17699.923828125
2015-07-30,17745.980469,17744.560546875
2015-07-29,17751.390625,17775.87109375
2015-07-28,17630.269531,17625.921875
2015-07-27,17440.589844,17434.560546875
2015-07-24,17568.529297,17572.8125
2015-07-23,17731.919922,17724.005859375
2015-07-22,17851.039062,17842.513671875
2015-07-21,17919.289062,17916.2578125
2015-07-20,18100.410156,18097.359375
2015-07-17,18086.449219,18078.91796875
2015-07-16,18120.25,18111.91796875
2015-07-15,18050.169922,18046.1015625
2015-07-14,18053.580078,18086.017578125
2015-07-13,17977.679688,17980.123046875
2015-07-10,17760.410156,17764.39453125
2015-07-09,17548.619141,17544.3828125
2015-07-08,17515.419922,17511.4375
2015-07-07,17776.910156,17769.861328125
2015-07-06,17683.580078,17661.662109375
2015-07-02,17730.109375,17719.35546875
2015-07-01,17757.910156,17759.720703125
2015-06-30,17619.509766,17611.6640625
2015-06-29,17596.349609,17597.82421875
2015-06-26,17946.679688,17929.302734375
2015-06-25,17890.359375,17902.0703125
2015-06-24,17966.070312,17958.97265625
2015-06-23,18144.070312,18121.748046875
2015-06-22,18119.779297,18116.3125
2015-06-19,18015.949219,18024.36328125
2015-06-18,18115.839844,18115.923828125
2015-06-17,17935.740234,17914.970703125
2015-06-16,17904.480469,17900.86328125
2015-06-15,17791.169922,17785.546875
2015-06-12,17898.839844,17891.513671875
2015-06-11,18039.369141,18036.90234375
2015-06-10,18000.400391,17997.1015625
2015-06-09,17764.039062,17763.794921875
2015-06-08,17766.550781,17764.685546875
2015-06-05,17849.460938,17878.361328125
2015-06-04,17905.580078,17900.564453125
2015-06-03,18076.269531,18078.73046875
2015-06-02,18011.939453,17995.802734375
2015-06-01,18040.369141,18036.626953125
2015-05-29,18010.679688,18030.22265625
2015-05-28,18126.119141,18124.7109375
2015-05-27,18162.990234,18162.1640625
2015-05-26,18041.539062,18037.4375
2015-05-22,18232.019531,18230.791015625
2015-05-21,18285.740234,18281.78515625
2015-05-20,18285.400391,18280.63671875
2015-05-19,18312.390625,18308.375
2015-05-18,18298.880859,18293.49609375
2015-05-15,18272.560547,18271.79296875
2015-05-14,18252.240234,18245.794921875
2015-05-13,18060.490234,18053.044921875
2015-05-12,18068.230469,18055.38671875
2015-05-11,18105.169922,18107.26953125
2015-05-08,18191.109375,18187.509765625
2015-05-07,17924.060547,17916.390625
2015-05-06,17841.980469,17841.73828125
2015-05-05,17928.199219,17943.091796875
2015-05-04,18070.400391,17955.00390625
2015-05-01,18024.060547,17241.033203125
2015-04-30,17840.519531,17834.1640625
2015-04-29,18035.529297,18030.955078125
2015-04-28,18110.140625,18109.279296875
2015-04-27,18037.970703,18043.73046875
2015-04-24,18080.140625,18077.505859375
2015-04-23,18058.689453,18060.07421875
2015-04-22,18038.269531,18027.384765625
2015-04-21,17949.589844,17968.7890625
2015-04-20,18034.929688,18025.568359375
2015-04-17,17826.300781,17825.92578125
2015-04-16,18105.769531,18129.162109375
2015-04-15,18112.609375,18097.01171875
2015-04-14,18036.699219,18015.15625
2015-04-13,17977.039062,17974.59375
2015-04-10,18057.650391,18056.2109375
2015-04-09,17958.730469,17955.900390625
2015-04-08,17902.509766,17901.13671875
2015-04-07,17875.419922,17867.6484375
2015-04-06,17880.849609,17883.21875
2015-04-02,17763.240234,17753.66796875
2015-04-01,17698.179688,17698.525390625
2015-03-31,17776.119141,17769.796875
2015-03-30,17976.310547,17975.291015625
2015-03-27,17712.660156,17713.671875
2015-03-26,17678.230469,17678.19921875
2015-03-25,17718.539062,17692.486328125
2015-03-24,18011.140625,18015.55859375
2015-03-23,18116.039062,18088.578125
2015-03-20,18127.650391,18127.181640625
2015-03-19,17959.029297,17959.3984375
2015-03-18,18076.189453,18105.0546875
2015-03-17,17849.080078,17842.787109375
2015-03-16,17977.419922,17974.89453125
2015-03-13,17749.310547,17747.21484375
2015-03-12,17895.220703,17898.076171875
2015-03-11,17635.390625,17634.73046875
2015-03-10,17662.939453,17661.99609375
2015-03-09,17995.720703,17980.73046875
2015-03-06,17856.779297,17864.5078125
2015-03-05,18135.720703,18126.01171875
2015-03-04,18096.900391,18092.61328125
2015-03-03,18203.369141,18216.92578125
2015-03-02,18288.630859,18286.587890625
2015-02-27,18132.699219,18124.228515625
2015-02-26,18214.419922,18217.146484375
2015-02-25,18224.570312,18213.107421875
2015-02-24,18209.189453,18208.84375
2015-02-23,18116.839844,18109.216796875
2015-02-20,18140.439453,18141.2734375
2015-02-19,17985.769531,17994.17578125
2015-02-18,18029.849609,18030.88671875
2015-02-17,18047.580078,18032.39453125
2015-02-13,18019.349609,17996.40234375
2015-02-12,17972.380859,17969.947265625
2015-02-11,17862.140625,17862.84765625
2015-02-10,17868.759766,17857.865234375
2015-02-09,17729.210938,17719.427734375
2015-02-06,17824.289062,17816.4921875
2015-02-05,17884.880859,17877.640625
2015-02-04,17673.019531,17672.130859375
2015-02-03,17666.400391,17647.169921875
2015-02-02,17361.039062,17311.205078125
2015-01-30,17164.949219,17159.39453125
2015-01-29,17416.849609,17409.1640625
2015-01-28,17191.369141,17188.6953125
2015-01-27,17387.210938,17403.08984375
2015-01-26,17678.699219,17670.84765625
2015-01-23,17672.599609,17660.203125
2015-01-22,17813.980469,17796.384765625
2015-01-21,17554.279297,17551.173828125
2015-01-20,17515.230469,17515.40625
2015-01-16,17511.570312,17487.1484375
2015-01-15,17320.710938,17315.38671875
2015-01-14,17427.089844,17432.330078125
2015-01-13,17613.679688,17610.775390625
2015-01-12,17640.839844,17640.17578125
2015-01-09,17737.369141,17718.8671875
2015-01-08,17907.869141,17907.01953125
2015-01-07,17584.519531,17579.65625
2015-01-06,17371.640625,17370.52734375
2015-01-05,17501.650391,17497.140625
2015-01-02,17832.990234,17830.982421875
2014-12-31,17823.070312,17842.32421875
2014-12-30,17983.070312,17961.078125
2014-12-29,18038.230469,18029.935546875
2014-12-26,18053.710938,18062.68359375
2014-12-24,18030.210938,18066.791015625
2014-12-23,18024.169922,18011.583984375
2014-12-22,17959.439453,17960.23828125
2014-12-19,17804.800781,17805.076171875
2014-12-18,17778.150391,17784.326171875
2014-12-17,17356.869141,17358.4140625
2014-12-16,17068.869141,17062.712890625
2014-12-15,17180.839844,17137.037109375
2014-12-12,17280.830078,17276.357421875
2014-12-11,17596.339844,17587.673828125
2014-12-10,17533.150391,17525.830078125
2014-12-09,17801.199219,17787.80859375
2014-12-08,17852.480469,17846.765625
2014-12-05,17958.789062,17953.2578125
2014-12-04,17900.099609,17867.76171875
2014-12-03,17912.619141,17911.9375
2014-12-02,17879.550781,17872.73046875
2014-12-01,17776.800781,17766.587890625
2014-11-28,17828.240234,17833.9453125
2014-11-26,17827.75,17826.779296875
2014-11-25,17814.939453,17814.890625
2014-11-24,17817.900391,17817.59765625
2014-11-21,17810.060547,17817.5078125
2014-11-20,17719.0,17712.072265625
2014-11-19,17685.730469,17689.177734375
2014-11-18,17687.820312,17708.80078125
2014-11-17,17647.75,17653.64453125
2014-11-14,17634.740234,17632.498046875
2014-11-13,17652.789062,17685.865234375
2014-11-12,17612.199219,17621.474609375
2014-11-11,17614.900391,17610.6640625
2014-11-10,17613.740234,17600.318359375
2014-11-07,17573.929688,17573.09375
2014-11-06,17554.470703,17552.90234375
2014-11-05,17484.529297,17454.296875
2014-11-04,17383.839844,17381.25390625
2014-11-03,17366.240234,17371.24609375
2014-10-31,17390.519531,17375.060546875
2014-10-30,17195.419922,17183.927734375
2014-10-29,16974.310547,16978.92578125
2014-10-28,17005.75,17006.380859375
2014-10-27,16817.939453,16812.833984375
2014-10-24,16805.410156,16801.01953125
2014-10-23,16677.900391,16677.0078125
2014-10-22,16461.320312,16479.1640625
2014-10-21,16614.810547,16634.5078125
2014-10-20,16399.669922,16390.546875
2014-10-17,16380.410156,16380.0029296875
2014-10-16,16117.240234,16122.7958984375
2014-10-15,16141.740234,16120.853515625
2014-10-14,16315.19043,16303.3681640625
2014-10-13,16321.070312,16304.4423828125
2014-10-10,16544.099609,16546.71484375
2014-10-09,16659.25,16658.548828125
2014-10-08,16994.220703,16968.1484375
2014-10-07,16719.390625,16764.416015625
2014-10-06,16991.910156,16986.3828125
2014-10-03,17009.689453,17005.38671875
2014-10-02,16801.050781,16791.70703125
2014-10-01,16804.710938,16805.193359375
2014-09-30,17042.900391,17026.095703125
2014-09-29,17071.220703,17058.09375
2014-09-26,17113.150391,17113.671875
2014-09-25,16945.800781,16947.537109375
2014-09-24,17210.060547,17218.63671875
2014-09-23,17055.869141,17049.162109375
2014-09-22,17172.679688,17172.98046875
2014-09-19,17279.740234,17284.08203125
2014-09-18,17265.990234,17263.16796875
2014-09-17,17156.849609,17149.890625
2014-09-16,17131.970703,17138.06640625
2014-09-15,17031.140625,17029.47265625
2014-09-12,16987.509766,16987.578125
2014-09-11,17049.0,17052.58203125
2014-09-10,17068.710938,17070.00390625
2014-09-09,17013.869141,17011.439453125
2014-09-08,17111.419922,17113.544921875
2014-09-05,17137.359375,17129.994140625
2014-09-04,17069.580078,17063.939453125
2014-09-03,17078.279297,17061.31640625
2014-09-02,17067.560547,17047.24609375
2014-08-29,17098.449219,17093.32421875
2014-08-28,17079.570312,17075.814453125
2014-08-27,17122.009766,17136.3984375
2014-08-26,17106.699219,17099.36328125
2014-08-25,17076.869141,17070.75390625
2014-08-22,17001.220703,16996.14453125
2014-08-21,17039.490234,17045.1484375
2014-08-20,16979.130859,16955.09765625
2014-08-19,16919.589844,16917.0
2014-08-18,16838.740234,16838.59765625
2014-08-15,16662.910156,16692.5703125
2014-08-14,16713.580078,16713.845703125
2014-08-13,16651.800781,16648.78125
2014-08-12,16560.539062,16565.65625
2014-08-11,16569.980469,16564.34765625
2014-08-08,16553.929688,16554.8828125
2014-08-07,16368.269531,16367.4345703125
2014-08-06,16443.339844,16445.30078125
2014-08-05,16429.470703,16434.828125
2014-08-04,16569.279297,16559.181640625
2014-08-01,16493.369141,16487.845703125
2014-07-31,16563.300781,16570.349609375
2014-07-30,16880.359375,16876.43359375
2014-07-29,16912.109375,16945.361328125
2014-07-28,16982.589844,16951.080078125
2014-07-25,16960.570312,16952.3671875
2014-07-24,17083.800781,17051.005859375
2014-07-23,17086.630859,17085.12890625
2014-07-22,17113.539062,17112.462890625
2014-07-21,17051.730469,17057.625
2014-07-18,17100.179688,17079.98046875
2014-07-17,16976.810547,16962.6328125
2014-07-16,17138.199219,17139.607421875
2014-07-15,17060.679688,17077.58984375
2014-07-14,17055.419922,17045.48046875
2014-07-11,16943.810547,16942.728515625
2014-07-10,16915.070312,16912.2421875
2014-07-09,16985.609375,16983.43359375
2014-07-08,16906.619141,16910.998046875
2014-07-07,17024.210938,17024.07421875
2014-07-03,17068.259766,17067.7734375
2014-07-02,16976.240234,16977.3671875
2014-07-01,16956.070312,16951.28515625
2014-06-30,16826.599609,16823.466796875
2014-06-27,16851.839844,16843.291015625
2014-06-26,16846.130859,16872.111328125
2014-06-25,16867.509766,16874.787109375
2014-06-24,16818.130859,16810.1640625
2014-06-23,16937.259766,16942.08203125
2014-06-20,16947.080078,16954.78515625
2014-06-19,16921.460938,16927.896484375
2014-06-18,16906.619141,16929.1796875
2014-06-17,16808.490234,16806.33984375
2014-06-16,16781.009766,16788.6875
2014-06-13,16775.740234,16747.6796875
2014-06-12,16734.189453,16730.66796875
2014-06-11,16843.880859,16843.751953125
2014-06-10,16945.919922,16911.390625
2014-06-09,16943.099609,16945.953125
2014-06-06,16924.279297,16906.693359375
2014-06-05,16836.109375,16832.599609375
2014-06-04,16737.529297,16752.75
2014-06-03,16722.339844,16714.765625
2014-06-02,16743.630859,16743.728515625
2014-05-30,16717.169922,16715.66796875
2014-05-29,16698.740234,16696.052734375
2014-05-28,16633.179688,16634.251953125
2014-05-27,16675.5,16668.7109375
2014-05-23,16606.269531,16599.74609375
2014-05-22,16543.080078,16537.49609375
2014-05-21,16533.060547,16533.794921875
2014-05-20,16374.30957,16372.6142578125
2014-05-19,16511.859375,16502.083984375
2014-05-16,16491.310547,16498.197265625
2014-05-15,16446.810547,16442.744140625
2014-05-14,16613.970703,16647.33984375
2014-05-13,16715.439453,16714.41796875
2014-05-12,16695.470703,16699.23828125
2014-05-09,16583.339844,16574.9609375
2014-05-08,16550.970703,16544.662109375
2014-05-07,16518.539062,16514.830078125
2014-05-06,16401.019531,16397.037109375
2014-05-05,16530.550781,16529.376953125
2014-05-02,16512.890625,16537.1171875
2014-05-01,16558.869141,16550.6796875
2014-04-30,16580.839844,16574.1328125
2014-04-29,16535.369141,16536.27734375
2014-04-28,16448.740234,16452.818359375
2014-04-25,16361.459961,16357.2255859375
2014-04-24,16501.650391,16497.26953125
2014-04-23,16501.650391,16505.94140625
2014-04-22,16514.369141,16512.552734375
2014-04-21,16449.25,16451.2578125
2014-04-17,16408.539062,16403.484375
2014-04-16,16424.849609,16427.455078125
2014-04-15,16262.55957,16261.8837890625
2014-04-14,16173.240234,16170.2412109375
2014-04-11,16026.75,16026.9296875
2014-04-10,16170.219727,16171.4306640625
2014-04-09,16437.179688,16447.970703125
2014-04-08,16256.139648,16256.865234375
2014-04-07,16245.870117,16243.205078125
2014-04-04,16412.710938,16412.150390625
2014-04-03,16572.550781,16566.16796875
2014-04-02,16573.0,16559.998046875
2014-04-01,16532.609375,16530.015625
2014-03-31,16457.660156,16515.388671875
2014-03-28,16323.05957,16325.9130859375
2014-03-27,16264.230469,16257.19140625
2014-03-26,16268.990234,16264.2734375
2014-03-25,16367.879883,16373.1708984375
2014-03-24,16276.69043,16250.4619140625
2014-03-21,16302.769531,16288.05078125
2014-03-20,16331.049805,16334.166015625
2014-03-19,16222.169922,16216.849609375
2014-03-18,16336.19043,16363.6328125
2014-03-17,16247.219727,16241.853515625
2014-03-14,16065.669922,16072.05078125
2014-03-13,16108.889648,16102.1591796875
2014-03-12,16340.080078,16340.2001953125
2014-03-11,16351.25,16347.6435546875
2014-03-10,16418.679688,16415.8515625
2014-03-07,16452.720703,16451.3515625
2014-03-06,16421.890625,16420.22265625
2014-03-05,16360.179688,16415.431640625
2014-03-04,16395.880859,16379.2138671875
2014-03-03,16168.030273,16161.6044921875
2014-02-28,16321.709961,16313.9462890625
2014-02-27,16272.650391,16259.6298828125
2014-02-26,16198.410156,16196.8837890625
2014-02-25,16179.660156,16192.7236328125
2014-02-24,16207.139648,16219.27734375
2014-02-21,16103.299805,16097.1025390625
2014-02-20,16133.230469,16123.8876953125
2014-02-19,16040.55957,16036.228515625
2014-02-18,16130.400391,16122.9765625
2014-02-14,16154.389648,16137.1025390625
2014-02-13,16027.589844,16010.728515625
2014-02-12,15963.94043,15974.1748046875
2014-02-11,15994.769531,15992.33203125
2014-02-10,15801.790039,15785.8037109375
2014-02-07,15794.080078,15780.2275390625
2014-02-06,15628.530273,15622.357421875
2014-02-05,15440.230469,15441.42578125
2014-02-04,15445.240234,15446.1083984375
2014-02-03,15372.799805,15365.654296875
2014-01-31,15698.849609,15706.4580078125
2014-01-30,15848.610352,15833.291015625
2014-01-29,15738.790039,15713.984375
2014-01-28,15928.55957,15924.7607421875
2014-01-27,15837.879883,15843.8427734375
2014-01-24,15879.110352,15880.248046875
2014-01-23,16197.349609,16192.283203125
2014-01-22,16373.339844,16362.9365234375
2014-01-21,16414.439453,16408.291015625
2014-01-17,16458.560547,16458.8046875
2014-01-16,16417.009766,16416.451171875
2014-01-15,16481.939453,16494.201171875
2014-01-14,16373.860352,16375.09375
2014-01-13,16257.94043,16248.015625
2014-01-10,16437.050781,16436.912109375
2014-01-09,16444.759766,16438.3359375
2014-01-08,16462.740234,16466.7734375
2014-01-07,16530.939453,16538.580078125
2014-01-06,16425.099609,16421.3125
2014-01-03,16469.990234,16472.263671875
2014-01-02,16441.349609,16437.7578125
2013-12-31,16576.660156,16569.771484375
2013-12-30,16504.289062,16490.05859375
2013-12-27,16478.410156,16475.1796875
2013-12-26,16479.880859,16493.28515625
2013-12-24,16357.549805,16347.4970703125
2013-12-23,16294.610352,16294.2587890625
2013-12-20,16221.139648,16242.2275390625
2013-12-19,16179.080078,16168.888671875
2013-12-18,16167.969727,16166.9248046875
2013-12-17,15875.259766,15878.3486328125
2013-12-16,15884.570312,15899.4453125
2013-12-13,15755.360352,15754.4775390625
2013-12-12,15739.429688,15732.8427734375
2013-12-11,15843.530273,15847.3017578125
2013-12-10,15973.129883,15959.2529296875
2013-12-09,16025.530273,16024.5048828125
2013-12-06,16020.200195,16002.681640625
2013-12-05,15821.509766,15820.1123046875
2013-12-04,15889.769531,15885.1875
2013-12-03,15914.620117,15915.083984375
2013-12-02,16008.769531,16055.8505859375
2013-11-29,16086.410156,16082.1328125
2013-11-27,16097.330078,16091.560546875
2013-11-26,16072.799805,16070.2373046875
2013-11-25,16072.540039,16055.578125
2013-11-22,16064.769531,16063.9853515625
2013-11-21,16009.990234,16025.2548828125
2013-11-20,15900.820312,15894.4365234375
2013-11-19,15967.030273,15958.4267578125
2013-11-18,15976.019531,15969.3916015625
2013-11-15,15961.700195,15942.736328125
2013-11-14,15876.219727,15880.4892578125
2013-11-13,15821.629883,15810.48828125
2013-11-12,15750.669922,15746.6962890625
2013-11-11,15783.099609,15638.3671875
2013-11-08,15761.780273,15726.484375
2013-11-07,15593.980469,15600.6474609375
2013-11-06,15746.879883,15653.22265625
2013-11-05,15618.219727,15627.1494140625
2013-11-04,15639.120117,15638.8701171875
2013-11-01,15615.549805,15609.5419921875
2013-10-31,15545.75,15541.2041015625
2013-10-30,15618.759766,15616.2509765625
2013-10-29,15680.349609,15678.3662109375
2013-10-28,15568.929688,15571.0458984375
2013-10-25,15570.280273,15568.8798828125
2013-10-24,15509.209961,15499.056640625
2013-10-23,15413.330078,15411.2587890625
2013-10-22,15467.660156,15477.3017578125
2013-10-21,15392.200195,15383.3427734375
2013-10-18,15399.650391,15395.130859375
2013-10-17,15371.650391,15390.701171875
2013-10-16,15373.830078,15381.1396484375
2013-10-15,15168.009766,15158.6669921875
2013-10-14,15301.259766,15293.0458984375
2013-10-11,15237.110352,15264.8095703125
2013-10-10,15126.070312,15122.4794921875
2013-10-09,14802.980469,14854.7724609375
2013-10-08,14776.530273,14789.7109375
2013-10-07,14936.240234,14934.7587890625
2013-10-04,15072.580078,15077.5498046875
2013-10-03,14996.480469,14979.6962890625
2013-10-02,15133.139648,15116.3583984375
2013-10-01,15191.700195,15178.3271484375
2013-09-30,15129.669922,15114.7451171875
2013-09-27,15258.240234,15281.880859375
2013-09-26,15328.299805,15320.90234375
2013-09-25,15273.259766,15256.6494140625
2013-09-24,15334.589844,15328.4326171875
2013-09-23,15401.379883,15395.9501953125
2013-09-20,15451.089844,15446.4990234375
2013-09-19,15636.549805,15639.7001953125
2013-09-18,15676.94043,15677.3017578125
2013-09-17,15529.730469,15513.2763671875
2013-09-16,15494.780273,15491.3740234375
2013-09-13,15376.05957,15387.0126953125
2013-09-12,15300.639648,15287.6611328125
2013-09-11,15326.599609,15317.7548828125
2013-09-10,15191.05957,15197.5595703125
2013-09-09,15063.120117,15062.5888671875
2013-09-06,14922.5,14920.4912109375
2013-09-05,14937.480469,14865.0966796875
2013-09-04,14930.870117,14898.9189453125
2013-09-03,14833.959961,14824.1591796875
2013-08-30,14810.30957,14835.1689453125
2013-08-29,14840.950195,14834.2421875
2013-08-28,14824.509766,14821.7548828125
2013-08-27,14776.129883,14764.3701171875
2013-08-26,14946.459961,14947.3759765625
2013-08-23,15010.509766,15006.8330078125
2013-08-22,14963.740234,15001.505859375
2013-08-21,14897.549805,14885.8203125
2013-08-20,15002.990234,15000.11328125
2013-08-19,15010.740234,15018.24609375
2013-08-16,15081.469727,15076.041015625
2013-08-15,15112.19043,15112.4873046875
2013-08-14,15337.660156,15335.1044921875
2013-08-13,15451.009766,15464.6376953125
2013-08-12,15419.679688,15400.34765625
2013-08-09,15425.509766,15421.2099609375
2013-08-08,15498.320312,15491.8349609375
2013-08-07,15470.669922,15450.8046875
2013-08-06,15518.740234,15499.470703125
2013-08-05,15612.129883,15603.9814453125
2013-08-02,15658.360352,15651.955078125
2013-08-01,15628.019531,15629.927734375
2013-07-31,15499.540039,15482.23828125
2013-07-30,15520.589844,15526.3642578125
2013-07-29,15521.969727,15501.6435546875
2013-07-26,15558.830078,15554.9140625
2013-07-25,15555.610352,15575.0986328125
2013-07-24,15542.240234,15536.0302734375
2013-07-23,15567.740234,15567.345703125
2013-07-22,15545.549805,15536.7548828125
2013-07-19,15543.740234,15547.2734375
2013-07-18,15548.540039,15545.455078125
2013-07-17,15470.519531,15454.0673828125
2013-07-16,15451.849609,15453.3828125
2013-07-15,15484.259766,15475.275390625
2013-07-12,15464.299805,15456.9150390625
2013-07-11,15460.919922,15457.9169921875
2013-07-10,15291.660156,15298.6923828125
2013-07-09,15300.339844,15296.9736328125
2013-07-08,15224.69043,15224.8642578125
2013-07-05,15135.839844,15122.5087890625
2013-07-03,14988.370117,14988.68359375
2013-07-02,14932.410156,14931.08984375
2013-07-01,14974.959961,14986.7138671875
2013-06-28,14909.599609,14899.8837890625
2013-06-27,15024.490234,15021.50390625
2013-06-26,14910.139648,14927.638671875
2013-06-25,14760.30957,14755.4990234375
2013-06-24,14659.55957,14664.59765625
2013-06-21,14799.400391,14792.0537109375
2013-06-20,14758.320312,14757.3994140625
2013-06-19,15112.19043,15128.267578125
2013-06-18,15318.230469,15311.6943359375
2013-06-17,15179.849609,15177.4521484375
2013-06-14,15070.179688,15072.666015625
2013-06-13,15176.080078,15156.5830078125
2013-06-12,14995.230469,14995.7353515625
2013-06-11,15122.019531,15113.1572265625
2013-06-10,15238.589844,15231.5673828125
2013-06-07,15248.120117,15243.1650390625
2013-06-06,15040.620117,15035.2529296875
2013-06-05,14960.589844,14947.1181640625
2013-06-04,15177.540039,15166.8681640625
2013-06-03,15254.030273,15256.732421875
2013-05-31,15115.570312,15113.6962890625
2013-05-30,15324.530273,15299.880859375
2013-05-29,15302.799805,15309.73046875
2013-05-28,15409.389648,15395.7216796875
2013-05-24,15303.099609,15303.8095703125
2013-05-23,15294.5,15287.4814453125
2013-05-22,15307.169922,15303.2578125
2013-05-21,15387.580078,15381.9384765625
2013-05-20,15335.280273,15358.033203125
2013-05-17,15354.400391,15358.81640625
2013-05-16,15233.219727,15228.3544921875
2013-05-15,15275.69043,15274.9404296875
2013-05-14,15215.25,15209.875
2013-05-13,15091.679688,15099.2060546875
2013-05-10,15118.490234,15131.4833984375
2013-05-09,15082.620117,15115.9970703125
2013-05-08,15105.120117,15101.212890625
2013-05-07,15056.200195,15050.9013671875
2013-05-06,14968.889648,14966.2392578125
2013-05-03,14973.959961,14969.5146484375
2013-05-02,14831.580078,14828.7080078125
2013-05-01,14700.950195,14688.861328125
2013-04-30,14839.799805,14838.80859375
2013-04-29,14818.75,14802.51953125
2013-04-26,14712.549805,14715.1103515625
2013-04-25,14700.799805,14694.076171875
2013-04-24,14676.299805,14677.0654296875
2013-04-23,14719.459961,14723.9130859375
2013-04-22,14567.169922,14569.6787109375
2013-04-19,14547.509766,14567.041015625
2013-04-18,14537.139648,14609.8935546875
2013-04-17,14618.589844,14615.8447265625
2013-04-16,14756.780273,14757.1767578125
2013-04-15,14599.200195,14592.0107421875
2013-04-12,14865.05957,14864.8896484375
2013-04-11,14865.139648,14864.046875
2013-04-10,14802.240234,14804.0537109375
2013-04-09,14673.459961,14675.1767578125
2013-04-08,14613.480469,14613.7275390625
2013-04-05,14565.25,14559.646484375
2013-04-04,14606.110352,14617.45703125
2013-04-03,14550.349609,14561.9794921875
2013-04-02,14662.009766,14653.8681640625
2013-04-01,14572.849609,14567.3525390625
2013-03-28,14578.540039,14578.34765625
2013-03-27,14526.160156,14522.7890625
2013-03-26,14559.650391,14548.1337890625
2013-03-25,14447.75,14368.8134765625
2013-03-22,14512.030273,14511.8759765625
2013-03-21,14421.490234,14418.7509765625
2013-03-20,14511.730469,14509.2802734375
2013-03-19,14455.820312,14460.2451171875
2013-03-18,14452.05957,14446.615234375
2013-03-15,14514.110352,14534.7568359375
2013-03-14,14539.139648,14535.2470703125
2013-03-13,14455.280273,14491.3056640625
2013-03-12,14450.05957,14458.9404296875
2013-03-11,14447.290039,14428.53515625
2013-03-08,14397.070312,14391.8984375
2013-03-07,14329.490234,14341.18359375
2013-03-06,14296.240234,14295.2197265625
2013-03-05,14253.769531,14253.2890625
2013-03-04,14127.820312,14075.3388671875
2013-03-01,14089.660156,14090.94921875
2013-02-28,14054.490234,14056.2705078125
2013-02-27,14075.370117,14070.5029296875
2013-02-26,13900.129883,13899.6572265625
2013-02-25,13784.169922,13778.1484375
2013-02-22,14000.570312,14045.0673828125
2013-02-21,13880.620117,13876.0185546875
2013-02-20,13927.540039,13920.54296875
2013-02-19,14035.669922,14021.9541015625
2013-02-15,13981.759766,13978.4833984375
2013-02-14,13973.389648,13975.0380859375
2013-02-13,13982.910156,13985.9482421875
2013-02-12,14018.700195,14021.7890625
2013-02-11,13971.240234,13973.4365234375
2013-02-08,13992.969727,13992.724609375
2013-02-07,13944.049805,13937.2568359375
2013-02-06,13986.519531,13160.2861328125
2013-02-05,13979.299805,13975.1123046875
2013-02-04,13880.080078,13863.6640625
2013-02-01,14009.790039,14009.3994140625
2013-01-31,13860.580078,13852.869140625
2013-01-30,13910.419922,13948.3134765625
2013-01-29,13954.419922,13955.619140625
2013-01-28,13881.929688,13874.1533203125
2013-01-25,13895.980469,13903.1884765625
2013-01-24,13825.330078,13820.1865234375
2013-01-23,13779.330078,13774.146484375
2013-01-22,13712.209961,13707.09375
2013-01-18,13649.700195,13652.2138671875
2013-01-17,13596.019531,13594.2138671875
2013-01-16,13511.230469,13507.2919921875
2013-01-15,13534.889648,13550.3056640625
2013-01-14,13507.320312,13513.1806640625
2013-01-11,13488.429688,13467.0419921875
2013-01-10,13471.219727,13467.4794921875
2013-01-09,13390.509766,13372.4912109375
2013-01-08,13328.849609,13329.123046875
2013-01-07,13384.290039,13393.9794921875
2013-01-04,13435.209961,13438.7646484375
2013-01-03,13391.360352,13387.1630859375
2013-01-02,13412.549805,13416.71875
2012-12-31,13104.139648,13082.2392578125
2012-12-28,12938.110352,12927.1689453125
2012-12-27,13096.30957,13108.0556640625
2012-12-26,13114.589844,13116.8076171875
2012-12-24,13138.929688,13145.8935546875
2012-12-21,13190.839844,13188.7041015625
2012-12-20,13311.719727,13303.7548828125
2012-12-19,13251.969727,13255.3828125
2012-12-18,13350.959961,13357.2529296875
2012-12-17,13235.389648,13236.849609375
2012-12-14,13135.009766,13129.97265625
2012-12-13,13170.719727,13205.10546875
2012-12-12,13245.450195,13247.8857421875
2012-12-11,13248.44043,13268.251953125
2012-12-10,13169.879883,13157.8447265625
2012-12-07,13155.129883,13164.1044921875
2012-12-06,13074.040039,13071.7099609375
2012-12-05,13034.490234,13032.8115234375
2012-12-04,12951.780273,12957.7724609375
2012-12-03,12965.599609,12963.2685546875
2012-11-30,13025.580078,13010.2900390625
2012-11-29,13021.820312,13020.5322265625
2012-11-28,12985.110352,12980.3095703125
2012-11-27,12878.129883,12891.4775390625
2012-11-26,12967.370117,12938.4228515625
2012-11-23,13009.530273,13012.1005859375
2012-11-21,12836.889648,12834.80078125
2012-11-20,12788.509766,12797.5458984375
2012-11-19,12795.959961,12760.5849609375
2012-11-16,12588.30957,12578.6572265625
2012-11-15,12542.379883,12544.9384765625
2012-11-14,12570.950195,12573.171875
2012-11-13,12756.179688,12760.2392578125
2012-11-12,12815.080078,12806.7666015625
2012-11-09,12815.389648,12810.1650390625
2012-11-08,12811.320312,12806.109375
2012-11-07,12932.730469,12930.1708984375
2012-11-06,13245.679688,13254.6357421875
2012-11-05,13112.44043,13115.6181640625
2012-11-02,13093.160156,13109.0595703125
2012-11-01,13232.620117,13233.5791015625
2012-10-31,13096.459961,13091.1806640625
2012-10-26,13107.209961,13107.916015625
2012-10-25,13103.679688,13107.0185546875
2012-10-24,13077.339844,13113.115234375
2012-10-23,13102.530273,13108.111328125
2012-10-22,13345.889648,13340.8994140625
2012-10-19,13343.509766,13334.9755859375
2012-10-18,13548.94043,13550.0185546875
2012-10-17,13557.0,13568.9736328125
2012-10-16,13551.780273,13545.9814453125
2012-10-15,13424.230469,13421.6259765625
2012-10-12,13328.849609,13271.3935546875
2012-10-11,13326.389648,13311.6962890625
2012-10-10,13344.969727,13344.69140625
2012-10-09,13473.530273,13476.5947265625
2012-10-08,13583.650391,13585.7763671875
2012-10-05,13610.150391,13604.38671875
2012-10-04,13575.360352,13564.7236328125
2012-10-03,13494.610352,13488.9404296875
2012-10-02,13482.360352,13480.1787109375
2012-10-01,13515.110352,13518.7314453125
2012-09-28,13437.129883,13424.7666015625
2012-09-27,13485.969727,13486.6767578125
2012-09-26,13413.509766,13408.880859375
2012-09-25,13457.549805,13454.3212890625
2012-09-24,13558.919922,13578.58984375
2012-09-21,13579.469727,13576.609375
2012-09-20,13596.929688,13607.4951171875
2012-09-19,13577.959961,13586.0107421875
2012-09-18,13564.639648,13561.2666015625
2012-09-17,13553.099609,13549.1748046875
2012-09-14,13593.370117,13594.150390625
2012-09-13,13539.860352,13540.5185546875
2012-09-12,13333.349609,13349.572265625
2012-09-11,13323.360352,13338.9560546875
2012-09-10,13254.290039,13265.2392578125
2012-09-07,13306.639648,13311.1923828125
2012-09-06,13292.0,13292.2939453125
2012-09-05,13047.480469,13039.8154296875
2012-09-04,13035.94043,13014.0556640625
2012-08-31,13090.839844,13092.375
2012-08-30,13000.709961,12977.1650390625
2012-08-29,13107.480469,13107.6416015625
2012-08-28,13102.990234,13083.8876953125
2012-08-27,13124.669922,13127.1455078125
2012-08-24,13157.969727,13152.0830078125
2012-08-23,13057.459961,13062.5556640625
2012-08-22,13172.759766,13180.5751953125
2012-08-21,13203.580078,13208.7802734375
2012-08-20,13271.639648,13270.4619140625
2012-08-17,13275.200195,13280.982421875
2012-08-16,13250.110352,13243.5966796875
2012-08-15,13164.780273,13170.4072265625
2012-08-14,13172.139648,13177.052734375
2012-08-13,13169.429688,13169.427734375
2012-08-10,13207.950195,13207.5849609375
2012-08-09,13165.19043,13215.9697265625
2012-08-08,13175.639648,13200.3154296875
2012-08-07,13168.599609,13166.197265625
2012-08-06,13117.509766,13115.095703125
2012-08-03,13096.169922,13095.578125
2012-08-02,12878.879883,12875.779296875
2012-08-01,12976.129883,12968.8818359375
2012-07-31,13008.679688,13007.9658203125
2012-07-30,13073.009766,13099.533203125
2012-07-27,13075.660156,13077.4306640625
2012-07-26,12887.929688,12883.1171875
2012-07-25,12676.049805,12678.7822265625
2012-07-24,12617.320312,12620.0244140625
2012-07-23,12721.459961,12634.1455078125
2012-07-20,12822.570312,12755.296875
2012-07-19,12943.360352,12947.6552734375
2012-07-18,12908.700195,12911.2734375
2012-07-17,12805.540039,12818.3017578125
2012-07-16,12727.209961,12747.8447265625
2012-07-13,12777.089844,12751.4697265625
2012-07-12,12573.269531,12580.6083984375
2012-07-11,12604.530273,12603.72265625
2012-07-10,12653.120117,12643.5654296875
2012-07-09,12736.290039,12730.6533203125
2012-07-06,12772.469727,12698.3828125
2012-07-05,12896.669922,12903.9814453125
2012-07-03,12943.660156,12935.666015625
2012-07-02,12871.389648,12864.7138671875
2012-06-29,12880.089844,12865.501953125
2012-06-28,12602.259766,12609.2490234375
2012-06-27,12627.009766,12639.0458984375
2012-06-26,12534.669922,12528.0224609375
2012-06-25,12502.660156,12510.4169921875
2012-06-22,12640.780273,12635.6884765625
2012-06-21,12573.570312,12559.16015625
2012-06-20,12824.389648,12809.32421875
2012-06-19,12837.330078,12855.322265625
2012-06-18,12741.820312,12744.59765625
2012-06-15,12767.169922,12762.61328125
2012-06-14,12651.910156,12645.3642578125
2012-06-13,12496.379883,12488.744140625
2012-06-12,12573.799805,12575.0927734375
2012-06-11,12411.230469,12405.1708984375
2012-06-08,12554.200195,12546.4033203125
2012-06-07,12460.959961,12449.16796875
2012-06-06,12414.790039,12411.5341796875
2012-06-05,12127.950195,12129.4052734375
2012-06-04,12101.459961,12113.4326171875
2012-06-01,12118.570312,12110.3056640625
2012-05-31,12393.450195,12396.287109375
2012-05-30,12419.860352,12426.8017578125
2012-05-29,12580.69043,12579.5380859375
2012-05-25,12454.830078,12439.3388671875
2012-05-24,12529.75,12521.220703125
2012-05-23,12496.150391,12487.5068359375
2012-05-22,12502.80957,12498.3330078125
2012-05-21,12504.480469,12503.4609375
2012-05-18,12369.379883,12377.0390625
2012-05-17,12442.490234,12438.0595703125
2012-05-16,12598.549805,12608.0234375
2012-05-15,12632.0,12641.296875
2012-05-14,12695.349609,12718.0361328125
2012-05-11,12820.599609,12824.55078125
2012-05-10,12855.040039,12841.0234375
2012-05-09,12835.05957,12835.794921875
2012-05-08,12932.089844,12917.9345703125
2012-05-07,13008.530273,13007.1240234375
2012-05-04,13038.269531,13056.623046875
2012-05-03,13206.589844,13205.4287109375
2012-05-02,13268.570312,13251.7529296875
2012-05-01,13279.320312,13275.4423828125
2012-04-30,13213.629883,13205.685546875
2012-04-27,13228.30957,13218.2861328125
2012-04-26,13204.620117,13197.40234375
2012-04-25,13090.719727,13114.5166015625
2012-04-24,13001.55957,12992.6943359375
2012-04-23,12927.169922,12938.15234375
2012-04-20,13029.259766,13030.677734375
2012-04-19,12964.099609,12970.49609375
2012-04-18,13032.75,13030.0029296875
2012-04-17,13115.540039,13105.1865234375
2012-04-16,12921.410156,12921.4072265625
2012-04-13,12849.589844,12861.4951171875
2012-04-12,12986.580078,13072.0869140625
2012-04-11,12805.389648,12797.28515625
2012-04-10,12715.929688,12525.5400390625
2012-04-09,12929.589844,12920.8779296875
2012-04-05,13060.139648,13069.7900390625
2012-04-04,13074.75,13077.0966796875
2012-04-03,13199.549805,13203.162109375
2012-04-02,13264.490234,13259.6181640625
2012-03-30,13212.040039,13217.1416015625
2012-03-29,13145.820312,13143.6357421875
2012-03-28,13126.209961,13126.6220703125
2012-03-27,13197.730469,13198.40234375
2012-03-26,13241.629883,13195.1845703125
2012-03-23,13080.730469,13075.8740234375
2012-03-22,13046.139648,13046.4873046875
2012-03-21,13124.620117,13151.1982421875
2012-03-20,13170.19043,13179.2587890625
2012-03-19,13239.129883,13228.1962890625
2012-03-16,13232.620117,13237.0771484375
2012-03-15,13252.759766,13254.7333984375
2012-03-14,13194.099609,13201.3271484375
2012-03-13,13177.679688,13186.0341796875
2012-03-12,12959.709961,12960.7275390625
2012-03-09,12922.019531,12938.1142578125
2012-03-08,12907.94043,12907.0498046875
2012-03-07,12837.330078,12828.8447265625
2012-03-06,12759.150391,12756.5927734375
2012-03-05,12962.80957,12958.705078125
2012-03-02,12977.570312,12977.3564453125
2012-03-01,12980.299805,12971.0205078125
2012-02-29,12952.070312,12945.431640625
2012-02-28,13005.120117,13010.4375
2012-02-27,12981.509766,12976.7119140625
2012-02-24,12982.950195,12990.1083984375
2012-02-23,12984.69043,12975.1630859375
2012-02-22,12938.669922,12953.1337890625
2012-02-21,12965.69043,12954.2216796875
2012-02-17,12949.870117,12935.759765625
2012-02-16,12904.080078,12901.576171875
2012-02-15,12780.950195,12797.859375
2012-02-14,12878.280273,12879.3994140625
2012-02-13,12874.040039,12863.4267578125
2012-02-10,12801.230469,12794.529296875
2012-02-09,12890.459961,12868.15625
2012-02-08,12883.950195,12862.4931640625
2012-02-07,12878.200195,12880.08984375
2012-02-06,12845.129883,12839.8662109375
2012-02-03,12862.230469,12893.0830078125
2012-02-02,12705.410156,12710.9560546875
2012-02-01,12716.459961,12716.40234375
2012-01-31,12632.910156,12633.6103515625
2012-01-30,12653.719727,12666.8037109375
2012-01-27,12660.459961,12653.3125
2012-01-26,12734.629883,12730.2138671875
2012-01-25,12758.849609,12754.87109375
2012-01-24,12675.75,12675.5810546875
2012-01-23,12708.820312,12711.0107421875
2012-01-20,12720.480469,12716.59765625
2012-01-19,12623.980469,12632.642578125
2012-01-18,12578.950195,12570.9541015625
2012-01-17,12482.070312,12507.1650390625
2012-01-13,12422.05957,12419.8759765625
2012-01-12,12471.019531,12482.703125
2012-01-11,12449.450195,12453.6005859375
2012-01-10,12462.469727,12438.3095703125
2012-01-09,12392.69043,12395.5869140625
2012-01-06,12359.919922,12365.0546875
2012-01-05,12415.700195,12410.353515625
2012-01-04,12418.419922,12398.5185546875
2012-01-03,12397.379883,12396.83984375
2011-12-30,12217.55957,12211.3486328125
2011-12-29,12287.040039,12280.7265625
2011-12-28,12151.410156,12138.830078125
2011-12-27,12291.349609,12294.0263671875
2011-12-23,12294.0,12290.8056640625
2011-12-22,12169.650391,12192.9287109375
2011-12-21,12107.740234,12110.0927734375
2011-12-20,12103.580078,12115.7724609375
2011-12-19,11766.259766,11765.01953125
2011-12-16,11866.389648,11858.5595703125
2011-12-15,11868.80957,11875.416015625
2011-12-14,11823.480469,11824.5166015625
2011-12-13,11954.94043,11965.6728515625
2011-12-12,12021.389648,12024.3056640625
2011-12-09,12184.259766,12180.60546875
2011-12-08,11997.700195,12010.1376953125
2011-12-07,12196.370117,12205.63671875
2011-12-06,12150.129883,12155.4560546875
2011-12-05,12097.830078,12093.93359375
2011-12-02,12019.419922,12003.3486328125
2011-12-01,12020.030273,12027.9814453125
2011-11-30,12045.679688,12040.6181640625
2011-11-29,11555.629883,11581.283203125
2011-11-28,11523.009766,11517.4423828125
2011-11-25,11231.650391,11233.4296875
2011-11-23,11257.549805,11252.6005859375
2011-11-22,11493.719727,11466.685546875
2011-11-21,11547.30957,11540.42578125
2011-11-18,11796.160156,11795.9931640625
2011-11-17,11770.730469,11775.80078125
2011-11-16,11905.589844,11903.974609375
2011-11-15,12096.160156,12093.4892578125
2011-11-14,12078.980469,12068.0693359375
2011-11-11,12153.679688,12151.2900390625
2011-11-10,11893.860352,11896.04296875
2011-11-09,11780.94043,11774.7216796875
2011-11-08,12170.179688,12164.74609375
2011-11-07,12068.389648,12086.1103515625
2011-11-04,11983.240234,11975.1357421875
2011-11-03,12044.469727,12043.2861328125
2011-11-02,11836.040039,11836.013671875
2011-11-01,11657.959961,11651.7861328125
2011-10-31,11955.009766,11959.478515625
2011-10-28,12231.110352,12215.716796875
2011-10-27,12208.549805,12197.5400390625
2011-10-26,11869.040039,11873.833984375
2011-10-25,11706.620117,11702.294921875
2011-10-24,11913.620117,11908.30078125
2011-10-21,11808.790039,11810.9765625
2011-10-20,11541.780273,11535.1357421875
2011-10-19,11504.620117,11508.2802734375
2011-10-18,11577.049805,11613.0693359375
2011-10-17,11397.0,11405.81640625
2011-10-14,11644.490234,11636.294921875
2011-10-13,11478.129883,11486.345703125
2011-10-12,11518.849609,11518.0791015625
2011-10-11,11416.299805,11407.3916015625
2011-10-10,11433.179688,11426.0146484375
2011-10-07,11103.120117,11105.6650390625
2011-10-06,11123.330078,11120.69140625
2011-10-05,10939.950195,10937.984375
2011-10-04,10808.709961,10812.9072265625
2011-10-03,10655.299805,10652.205078125
2011-09-30,10913.379883,10918.234375
2011-09-29,11153.980469,11149.0986328125
2011-09-28,11010.900391,11028.9580078125
2011-09-27,11190.69043,11190.28125
2011-09-26,11043.860352,11053.2978515625
2011-09-23,10771.480469,10769.7890625
2011-09-22,10733.830078,10734.4140625
2011-09-21,11124.839844,11121.384765625
2011-09-20,11408.660156,11417.6865234375
2011-09-19,11401.009766,11397.03125
2011-09-16,11509.089844,11486.9541015625
2011-09-15,11433.179688,11435.3935546875
2011-09-14,11246.730469,11259.8740234375
2011-09-13,11105.849609,11099.134765625
2011-09-12,11061.120117,11058.6279296875
2011-09-09,10992.129883,10982.4853515625
2011-09-08,11295.80957,11292.830078125
2011-09-07,11414.860352,11464.7138671875
2011-09-06,11139.299805,11185.5771484375
2011-09-02,11240.259766,11233.1298828125
2011-09-01,11493.570312,11492.0576171875
2011-08-31,11613.530273,11608.8017578125
2011-08-30,11559.950195,11572.2939453125
2011-08-29,11539.25,11537.9306640625
2011-08-26,11284.540039,11283.783203125
2011-08-25,11149.820312,11151.759765625
2011-08-24,11320.709961,11316.806640625
2011-08-23,11176.759766,11188.0068359375
2011-08-22,10854.650391,10854.0810546875
2011-08-19,10817.650391,10814.1708984375
2011-08-18,10990.580078,10985.2119140625
2011-08-17,11410.209961,11408.3740234375
2011-08-16,11405.929688,11401.1806640625
2011-08-15,11482.900391,11470.6103515625
2011-08-12,11269.019531,11284.9833984375
2011-08-11,11143.30957,11145.322265625
2011-08-10,10719.94043,10715.77734375
2011-08-09,11239.769531,11242.0615234375
2011-08-08,10809.849609,10813.642578125
2011-08-05,11444.610352,11440.873046875
2011-08-04,11383.679688,11383.6298828125
2011-08-03,11896.44043,11884.365234375
2011-08-02,11866.620117,11875.6767578125
2011-08-01,12132.490234,12142.0224609375
2011-07-29,12143.240234,12137.2158203125
2011-07-28,12240.110352,12179.2548828125
2011-07-27,12302.549805,12317.859375
2011-07-26,12501.299805,12516.84765625
2011-07-25,12592.799805,12709.8583984375
2011-07-22,12681.160156,12670.5693359375
2011-07-21,12724.410156,12721.3779296875
2011-07-20,12571.910156,12569.7919921875
2011-07-19,12587.419922,12581.6455078125
2011-07-18,12385.160156,12376.208984375
2011-07-15,12479.730469,12479.5654296875
2011-07-14,12437.120117,12442.6552734375
2011-07-13,12491.610352,12521.9619140625
2011-07-12,12446.879883,12448.3447265625
2011-07-11,12505.759766,12492.7109375
2011-07-08,12657.200195,12667.4873046875
2011-07-07,12719.490234,12722.0234375
2011-07-06,12626.019531,12626.236328125
2011-07-05,12569.870117,12563.4541015625
2011-07-01,12582.769531,12591.828125
2011-06-30,12414.339844,12412.6806640625
2011-06-29,12261.419922,12257.4814453125
2011-06-28,12188.69043,12186.4453125
2011-06-27,12043.55957,12057.7880859375
2011-06-24,11934.580078,11919.884765625
2011-06-23,12050.0,12042.552734375
2011-06-22,12109.669922,12102.1826171875
2011-06-21,12190.009766,12186.8544921875
2011-06-20,12080.379883,12066.6357421875
2011-06-17,12004.360352,12004.3486328125
2011-06-16,11961.519531,11960.0576171875
2011-06-15,11897.269531,11915.6904296875
2011-06-14,12076.110352,12062.3515625
2011-06-13,11952.969727,11952.455078125
2011-06-10,11951.910156,11948.4609375
2011-06-09,12124.360352,12116.1923828125
2011-06-08,12048.94043,12067.3642578125
2011-06-07,12070.80957,12067.5302734375
2011-06-06,12089.959961,12111.951171875
2011-06-03,12151.259766,12153.25
2011-06-02,12248.549805,12246.095703125
2011-06-01,12290.139648,12268.7587890625
2011-05-31,12569.790039,12580.798828125
2011-05-27,12441.580078,12446.994140625
2011-05-26,12402.759766,12391.5556640625
2011-05-25,12394.660156,12399.0751953125
2011-05-24,12356.209961,12352.2275390625
2011-05-23,12381.259766,12380.4462890625
2011-05-20,12512.040039,12496.4873046875
2011-05-19,12605.320312,12631.2412109375
2011-05-18,12560.179688,12551.6767578125
2011-05-17,12479.580078,12466.6728515625
2011-05-16,12548.370117,12555.3583984375
2011-05-13,12595.75,12592.318359375
2011-05-12,12695.919922,12696.3134765625
2011-05-11,12630.030273,12626.7568359375
2011-05-10,12760.360352,12759.5986328125
2011-05-09,12684.679688,12691.3154296875
2011-05-06,12638.740234,12631.41015625
2011-05-05,12584.169922,12580.130859375
2011-05-04,12723.580078,12719.9599609375
2011-05-03,12807.509766,12816.16796875
2011-05-02,12807.360352,12810.390625
2011-04-29,12810.540039,12809.2294921875
2011-04-28,12763.30957,12759.3583984375
2011-04-27,12690.959961,12695.39453125
2011-04-26,12595.370117,12598.0224609375
2011-04-25,12479.879883,12490.025390625
2011-04-21,12505.990234,12504.9052734375
2011-04-20,12453.540039,12448.044921875
2011-04-19,12266.75,12276.8251953125
2011-04-18,12201.589844,12193.1806640625
2011-04-15,12341.830078,12340.91015625
2011-04-14,12285.150391,12381.3369140625
2011-04-13,12270.990234,12295.65234375
2011-04-12,12263.580078,12260.3134765625
2011-04-11,12381.110352,12377.4716796875
2011-04-08,12380.049805,12368.806640625
2011-04-07,12409.490234,12403.87890625
2011-04-06,12426.75,12426.7021484375
2011-04-05,12393.900391,12392.4951171875
2011-04-04,12400.030273,12396.71875
2011-04-01,12376.719727,12375.15625
2011-03-31,12319.730469,12310.26953125
2011-03-30,12350.610352,12348.9814453125
2011-03-29,12279.009766,12284.142578125
2011-03-28,12197.879883,12200.2353515625
2011-03-25,12220.589844,12198.796875
2011-03-24,12170.55957,12180.5234375
2011-03-23,12086.019531,12090.052734375
2011-03-22,12018.629883,12015.53515625
2011-03-21,12036.530273,12035.6181640625
2011-03-18,11858.519531,11858.5263671875
2011-03-17,11774.589844,11777.76953125
2011-03-16,11613.299805,11619.2451171875
2011-03-15,11855.419922,11850.341796875
2011-03-14,11993.160156,11991.458984375
2011-03-11,12044.400391,12053.9130859375
2011-03-10,11984.610352,11980.7431640625
2011-03-09,12213.089844,12208.9169921875
2011-03-08,12214.379883,12171.560546875
2011-03-07,12090.030273,12097.6376953125
2011-03-04,12169.879883,12160.7177734375
2011-03-03,12258.200195,12288.9697265625
2011-03-02,12066.799805,12071.078125
2011-03-01,12058.019531,12051.9970703125
2011-02-28,12226.339844,12225.1396484375
2011-02-25,12130.450195,12123.3134765625
2011-02-24,12068.5,12060.3486328125
2011-02-23,12105.780273,12103.4130859375
2011-02-22,12212.790039,12226.6376953125
2011-02-18,12391.25,12389.37890625
2011-02-17,12318.139648,12306.90625
2011-02-16,12288.169922,12298.3857421875
2011-02-15,12226.639648,12251.4423828125
2011-02-14,12268.19043,12227.9736328125
2011-02-11,12273.259766,12273.7275390625
2011-02-10,12229.290039,12200.8564453125
2011-02-09,12239.889648,12253.5361328125
2011-02-08,12233.150391,12228.2001953125
2011-02-07,12161.629883,12161.705078125
2011-02-04,12092.150391,12080.7275390625
2011-02-03,12062.259766,12077.9541015625
2011-02-02,12041.969727,12163.9287109375
2011-02-01,12040.160156,12030.783203125
2011-01-31,11891.929688,11877.109375
2011-01-28,11823.700195,11817.5
2011-01-27,11989.830078,11991.5576171875
2011-01-26,11985.44043,11990.85546875
2011-01-25,11977.19043,11970.7392578125
2011-01-24,11980.519531,11977.1650390625
2011-01-21,11871.839844,11874.490234375
2011-01-20,11822.799805,11882.6953125
2011-01-19,11825.290039,11833.0390625
2011-01-18,11837.929688,11834.9609375
2011-01-14,11787.379883,11780.2529296875
2011-01-13,11731.900391,11731.109375
2011-01-12,11755.44043,11736.3623046875
2011-01-11,11671.879883,11670.5712890625
2011-01-10,11637.450195,11640.5146484375
2011-01-07,11674.759766,11670.615234375
2011-01-06,11697.30957,11717.7744140625
2011-01-05,11722.889648,11725.6875
2011-01-04,11691.179688,11743.47265625
2011-01-03,11670.75,11676.14453125
2010-12-31,11577.509766,11565.7412109375
2010-12-30,11569.709961,11568.6962890625
2010-12-29,11585.379883,11581.009765625
2010-12-28,11575.540039,11566.572265625
2010-12-27,11555.030273,11554.60546875
2010-12-23,11573.490234,11627.6005859375
2010-12-22,11559.490234,11556.0546875
2010-12-21,11533.160156,11538.1572265625
2010-12-20,11478.129883,11471.10546875
2010-12-17,11491.910156,11496.9091796875
2010-12-16,11499.25,11497.521484375
2010-12-15,11457.469727,11455.40234375
2010-12-14,11476.540039,11493.0029296875
2010-12-13,11428.55957,11430.0888671875
2010-12-10,11410.320312,11447.7646484375
2010-12-09,11370.05957,11366.3916015625
2010-12-08,11372.480469,11358.8564453125
2010-12-07,11359.160156,11365.9111328125
2010-12-06,11362.19043,11363.068359375
2010-12-03,11382.089844,11373.0439453125
2010-12-02,11362.410156,11425.896484375
2010-12-01,11255.780273,11254.1005859375
2010-11-30,11006.019531,10993.3818359375
2010-11-29,11052.490234,11051.095703125
2010-11-26,11091.870117,11102.3837890625
2010-11-24,11187.280273,11188.1025390625
2010-11-23,11036.370117,11032.54296875
2010-11-22,11178.580078,11177.7666015625
2010-11-19,11203.549805,11203.4794921875
2010-11-18,11181.230469,11177.908203125
2010-11-17,11007.879883,11022.3115234375
2010-11-16,11023.5,11023.7998046875
2010-11-15,11201.969727,11204.439453125
2010-11-12,11192.580078,11196.2236328125
2010-11-11,11283.099609,11308.181640625
2010-11-10,11357.040039,11384.5673828125
2010-11-09,11346.75,11344.3193359375
2010-11-08,11406.839844,11399.80859375
2010-11-05,11444.080078,11425.8154296875
2010-11-04,11434.839844,11431.005859375
2010-11-03,11215.129883,11201.189453125
2010-11-02,11188.719727,11187.9423828125
2010-11-01,11124.620117,11131.9072265625
2010-10-29,11118.490234,11116.7255859375
2010-10-28,11113.950195,11105.4248046875
2010-10-27,11126.280273,11122.8095703125
2010-10-26,11169.459961,11143.3662109375
2010-10-25,11164.049805,11169.802734375
2010-10-22,11132.55957,11136.3994140625
2010-10-21,11146.570312,11191.560546875
2010-10-20,11107.969727,11101.15234375
2010-10-19,10978.620117,10969.11328125
2010-10-18,11143.69043,11147.9619140625
2010-10-15,11062.780273,11061.044921875
2010-10-14,11094.570312,11091.4794921875
2010-10-13,11096.080078,11090.0859375
2010-10-12,11020.400391,11015.4560546875
2010-10-11,11010.339844,10995.8505859375
2010-10-08,11006.480469,11005.49609375
2010-10-07,10948.580078,10930.7822265625
2010-10-06,10967.650391,10976.7412109375
2010-10-05,10944.719727,10927.818359375
2010-10-04,10751.269531,10752.9482421875
2010-10-01,10829.679688,10827.7490234375
2010-09-30,10788.049805,10786.3740234375
2010-09-29,10835.280273,10820.2021484375
2010-09-28,10858.139648,10854.7783203125
2010-09-27,10812.040039,10811.1982421875
2010-09-24,10860.259766,10867.8486328125
2010-09-23,10662.419922,10673.4638671875
2010-09-22,10739.30957,10737.0458984375
2010-09-21,10761.030273,10771.2919921875
2010-09-20,10753.620117,10778.73828125
2010-09-17,10607.849609,10608.3388671875
2010-09-16,10594.830078,10591.50390625
2010-09-15,10572.730469,10567.609375
2010-09-14,10526.490234,10512.3505859375
2010-09-13,10544.129883,10545.2822265625
2010-09-10,10462.769531,10470.3525390625
2010-09-09,10415.240234,10415.87109375
2010-09-08,10387.009766,10376.4462890625
2010-09-07,10340.69043,10329.564453125
2010-09-03,10447.929688,10475.787109375
2010-09-02,10320.099609,10322.4326171875
2010-09-01,10269.469727,10282.6044921875
2010-08-31,10014.719727,10005.4189453125
2010-08-30,10009.730469,10008.2158203125
2010-08-27,10150.650391,10175.9658203125
2010-08-26,9985.80957,9982.275390625
2010-08-25,10060.05957,10062.435546875
2010-08-24,10040.450195,10033.046875
2010-08-23,10174.410156,10191.8662109375
2010-08-20,10213.620117,10222.3935546875
2010-08-19,10271.209961,10278.916015625
2010-08-18,10415.540039,10414.7802734375
2010-08-17,10405.849609,10398.3896484375
2010-08-16,10302.009766,10418.0732421875
2010-08-13,10303.150391,10295.095703125
2010-08-12,10319.950195,10329.2890625
2010-08-11,10378.830078,10357.9853515625
2010-08-10,10644.25,10639.984375
2010-08-09,10698.75,10694.8857421875
2010-08-06,10653.55957,10637.1181640625
2010-08-05,10674.980469,10685.8671875
2010-08-04,10680.429688,10664.2392578125
2010-08-03,10636.379883,10633.3427734375
2010-08-02,10674.379883,10676.3955078125
2010-07-30,10465.94043,10470.3134765625
2010-07-29,10467.160156,10515.7451171875
2010-07-28,10497.879883,10499.046875
2010-07-27,10537.69043,10531.1083984375
2010-07-26,10525.429688,10523.0751953125
2010-07-23,10424.620117,10430.1162109375
2010-07-22,10322.299805,10345.9384765625
2010-07-21,10120.530273,10122.1357421875
2010-07-20,10229.959961,10228.8232421875
2010-07-19,10154.429688,10160.5654296875
2010-07-16,10097.900391,10091.1640625
2010-07-15,10359.30957,10359.4072265625
2010-07-14,10366.719727,10372.2119140625
2010-07-13,10363.019531,10336.626953125
2010-07-12,10216.269531,10230.9208984375
2010-07-09,10198.030273,10190.7802734375
2010-07-08,10138.990234,10137.0244140625
2010-07-07,10018.280273,10012.609375
2010-07-06,9743.620117,9745.6650390625
2010-07-02,9686.480469,9683.833984375
2010-07-01,9732.530273,9730.5849609375
2010-06-30,9774.019531,9818.732421875
2010-06-29,9870.299805,9894.5537109375
2010-06-28,10138.519531,10132.779296875
2010-06-25,10143.80957,10133.4541015625
2010-06-24,10152.799805,10147.16796875
2010-06-23,10298.44043,10316.9150390625
2010-06-22,10293.519531,10269.6337890625
2010-06-21,10442.410156,10446.150390625
2010-06-18,10450.639648,10454.2978515625
2010-06-17,10434.169922,10425.7333984375
2010-06-16,10409.459961,10419.1318359375
2010-06-15,10404.769531,10409.3115234375
2010-06-14,10190.889648,10173.0927734375
2010-06-11,10211.070312,10207.2919921875
2010-06-10,10172.530273,10167.1357421875
2010-06-09,9899.25,9894.0185546875
2010-06-08,9939.980469,9936.9384765625
2010-06-07,9816.490234,9818.5537109375
2010-06-04,9931.969727,9924.3935546875
2010-06-03,10255.280273,10244.794921875
2010-06-02,10249.540039,10254.6796875
2010-06-01,10024.019531,10023.0205078125
2010-05-28,10136.629883,10130.7568359375
2010-05-27,10258.990234,10268.4794921875
2010-05-26,9974.450195,9964.7890625
2010-05-25,10043.75,10064.0478515625
2010-05-24,10066.570312,10058.359375
2010-05-21,10193.389648,10193.84375
2010-05-20,10068.009766,10068.1708984375
2010-05-19,10444.370117,10431.0126953125
2010-05-18,10510.950195,10504.435546875
2010-05-17,10625.830078,10627.689453125
2010-05-14,10620.160156,10617.2890625
2010-05-13,10782.950195,10786.5029296875
2010-05-12,10896.910156,10881.14453125
2010-05-11,10748.259766,10747.828125
2010-05-10,10785.139648,10779.1455078125
2010-05-07,10380.429688,10377.771484375
2010-05-06,10520.320312,10522.62109375
2010-05-05,10866.830078,10868.6396484375
2010-05-04,10926.769531,10886.23828125
2010-05-03,11151.830078,11152.5849609375
2010-04-30,11008.610352,10994.6845703125
2010-04-29,11167.320312,11157.6376953125
2010-04-28,11045.269531,11034.4853515625
2010-04-27,10991.990234,10972.4111328125
2010-04-26,11205.030273,11208.9228515625
2010-04-23,11204.280273,11184.1689453125
2010-04-22,11134.290039,11130.8408203125
2010-04-21,11124.919922,11128.751953125
2010-04-20,11117.05957,11108.96484375
2010-04-19,11092.049805,11164.2705078125
2010-04-16,11018.660156,11017.845703125
2010-04-15,11144.570312,11141.8486328125
2010-04-14,11123.110352,11121.203125
2010-04-13,11019.419922,11019.228515625
2010-04-12,11005.969727,11022.650390625
2010-04-09,10997.349609,10996.552734375
2010-04-08,10927.070312,10931.822265625
2010-04-07,10897.519531,10898.462890625
2010-04-06,10969.990234,10963.64453125
2010-04-05,10973.549805,10974.822265625
2010-04-01,10927.070312,10923.833984375
2010-03-31,10856.629883,10850.9697265625
2010-03-30,10907.419922,10904.0283203125
2010-03-29,10895.860352,10873.9150390625
2010-03-26,10850.360352,10944.703125
2010-03-25,10841.209961,10847.0634765625
2010-03-24,10836.150391,10844.0126953125
2010-03-23,10888.830078,10924.736328125
2010-03-22,10785.889648,10785.4599609375
2010-03-19,10741.980469,10754.255859375
2010-03-18,10779.169922,10784.2490234375
2010-03-17,10733.669922,10735.4970703125
2010-03-16,10685.980469,10690.142578125
2010-03-15,10642.150391,10638.9248046875
2010-03-12,10624.69043,10646.39453125
2010-03-11,10611.839844,10610.4150390625
2010-03-10,10567.330078,10569.5380859375
2010-03-09,10564.379883,10566.6279296875
2010-03-08,10552.519531,10532.6630859375
2010-03-05,10566.200195,10610.7900390625
2010-03-04,10444.139648,10441.46484375
2010-03-03,10396.759766,10389.908203125
2010-03-02,10405.980469,10396.6845703125
2010-03-01,10403.790039,10403.6015625
2010-02-26,10325.259766,10324.2763671875
2010-02-25,10321.030273,10333.7861328125
2010-02-24,10374.160156,10360.4814453125
2010-02-23,10282.410156,10288.966796875
2010-02-22,10383.379883,10521.2294921875
2010-02-19,10402.349609,10414.6240234375
2010-02-18,10392.900391,10386.9892578125
2010-02-17,10309.240234,10306.2568359375
2010-02-16,10268.80957,10263.3232421875
2010-02-12,10099.139648,10087.490234375
2010-02-11,10144.19043,10142.7529296875
2010-02-10,10038.379883,10028.7021484375
2010-02-09,10058.639648,10045.412109375
2010-02-08,9908.389648,9906.28515625
2010-02-05,10012.230469,10003.2568359375
2010-02-04,10002.179688,9978.9609375
2010-02-03,10270.549805,10265.177734375
2010-02-02,10296.849609,10297.4853515625
2010-02-01,10185.530273,10187.7548828125
2010-01-29,10067.330078,10120.73046875
2010-01-28,10120.459961,10119.861328125
2010-01-27,10236.160156,10228.2392578125
2010-01-26,10194.290039,10191.4501953125
2010-01-25,10196.860352,10195.0673828125
2010-01-22,10172.980469,10175.2802734375
2010-01-21,10389.879883,10415.2216796875
2010-01-20,10603.150391,10602.408203125
2010-01-19,10725.429688,10729.015625
2010-01-15,10609.650391,10605.0283203125
2010-01-14,10710.549805,10704.0966796875
2010-01-13,10680.769531,10738.1416015625
2010-01-12,10627.259766,10654.7607421875
2010-01-11,10663.990234,10665.8115234375
2010-01-08,10618.19043,10618.5283203125
2010-01-07,10606.860352,10616.509765625
2010-01-06,10573.679688,10580.7392578125
2010-01-05,10572.019531,10568.08203125
2010-01-04,10583.959961,10633.1064453125
2009-12-31,10428.049805,10415.7392578125
2009-12-30,10548.509766,10537.443359375
2009-12-29,10545.410156,10537.9951171875
2009-12-28,10547.080078,10543.8974609375
2009-12-24,10520.089844,10518.8486328125
2009-12-23,10466.44043,10462.2509765625
2009-12-22,10464.929688,10459.0126953125
2009-12-21,10414.139648,10414.66015625
2009-12-18,10328.889648,10315.6455078125
2009-12-17,10308.259766,10306.6845703125
2009-12-16,10441.120117,10435.654296875
2009-12-15,10452.0,10446.0322265625
2009-12-14,10501.049805,10493.6494140625
2009-12-11,10471.5,10471.630859375
2009-12-10,10405.830078,10411.5263671875
2009-12-09,10337.049805,10330.5166015625
2009-12-08,10285.969727,10283.9501953125
2009-12-07,10390.110352,10396.814453125
2009-12-04,10388.900391,10386.2646484375
2009-12-03,10366.150391,10370.34765625
2009-12-02,10452.679688,10443.9912109375
2009-12-01,10471.580078,10365.306640625
2009-11-30,10344.839844,10291.3017578125
2009-11-27,10309.919922,10285.5029296875
2009-11-25,10464.400391,10489.5791015625
2009-11-24,10433.709961,10442.9951171875
2009-11-23,10450.950195,10447.4453125
2009-11-20,10318.160156,10308.1240234375
2009-11-19,10332.44043,10355.044921875
2009-11-18,10426.30957,10425.251953125
2009-11-17,10437.419922,10422.0107421875
2009-11-16,10406.959961,10409.376953125
2009-11-13,10270.469727,10266.4248046875
2009-11-12,10197.469727,10183.0546875
2009-11-11,10291.259766,10287.71875
2009-11-10,10246.969727,10278.3076171875
2009-11-09,10226.94043,10226.2236328125
2009-11-06,10023.419922,10018.3349609375
2009-11-05,10005.959961,10001.861328125
2009-11-04,9802.139648,9804.7333984375
2009-11-03,9771.910156,9770.9619140625
2009-11-02,9789.44043,9794.2275390625
2009-10-30,9712.730469,9714.7021484375
2009-10-29,9962.580078,9946.7421875
2009-10-28,9762.69043,9740.107421875
2009-10-27,9882.169922,9886.2646484375
2009-10-26,9867.959961,9888.3349609375
2009-10-23,9972.179688,9996.435546875
2009-10-22,10081.30957,10066.4501953125
2009-10-21,9949.360352,9948.2626953125
2009-10-20,10041.480469,10046.7158203125
2009-10-19,10092.19043,10089.919921875
2009-10-16,9995.910156,10001.12109375
2009-10-15,10062.94043,10055.4521484375
2009-10-14,10015.860352,10018.087890625
2009-10-13,9871.05957,9872.2646484375
2009-10-12,9885.799805,9881.7724609375
2009-10-09,9864.94043,9864.2451171875
2009-10-08,9786.870117,9829.115234375
2009-10-07,9725.580078,9739.080078125
2009-10-06,9731.25,9714.0751953125
2009-10-05,9599.75,9597.5732421875
2009-10-02,9487.669922,9521.3544921875
2009-10-01,9509.280273,9534.6064453125
2009-09-30,9712.280273,9711.25
2009-09-29,9742.200195,9732.5927734375
2009-09-28,9789.360352,9782.9638671875
2009-09-25,9665.19043,9664.634765625
2009-09-24,9707.44043,9709.15625
2009-09-23,9748.549805,9746.6416015625
2009-09-22,9829.870117,9835.44140625
2009-09-21,9778.860352,9779.310546875
2009-09-18,9820.200195,9873.6435546875
2009-09-17,9783.919922,9778.2744140625
2009-09-16,9791.709961,9830.41796875
2009-09-15,9683.410156,9720.6982421875
2009-09-14,9626.799805,9621.74609375
2009-09-11,9605.410156,9633.4052734375
2009-09-10,9627.480469,9480.9541015625
2009-09-09,9547.219727,9536.0888671875
2009-09-08,9497.339844,9487.814453125
2009-09-04,9441.269531,9448.6708984375
2009-09-03,9344.610352,9340.56640625
2009-09-02,9280.669922,9293.794921875
2009-09-01,9310.599609,9306.7001953125
2009-08-31,9496.280273,9502.3583984375
2009-08-28,9544.200195,9554.984375
2009-08-27,9580.629883,9574.3408203125
2009-08-26,9543.519531,9534.1923828125
2009-08-25,9539.290039,9553.4462890625
2009-08-24,9509.280273,9489.931640625
2009-08-21,9505.959961,9500.3359375
2009-08-20,9350.049805,9348.005859375
2009-08-19,9279.160156,9281.2099609375
2009-08-18,9217.94043,9221.2841796875
2009-08-17,9135.339844,9159.69921875
2009-08-14,9321.400391,9315.80859375
2009-08-13,9398.19043,9402.7548828125
2009-08-12,9361.610352,9352.283203125
2009-08-11,9241.450195,9236.5732421875
2009-08-10,9337.950195,9312.939453125
2009-08-07,9370.070312,9314.53515625
2009-08-06,9256.259766,9229.9013671875
2009-08-05,9280.969727,9273.5966796875
2009-08-04,9320.19043,9331.0361328125
2009-08-03,9286.55957,9290.2373046875
2009-07-31,9171.610352,9179.1552734375
2009-07-30,9154.459961,9153.8818359375
2009-07-29,9070.719727,9071.3994140625
2009-07-28,9096.719727,9090.859375
2009-07-27,9108.509766,9118.0966796875
2009-07-24,9093.240234,9091.1357421875
2009-07-23,9069.290039,9058.0732421875
2009-07-22,8881.259766,8877.1953125
2009-07-21,8915.94043,8943.615234375
2009-07-20,8848.150391,8858.1240234375
2009-07-17,8743.94043,8739.4384765625
2009-07-16,8711.820312,8708.259765625
2009-07-15,8616.209961,8620.2294921875
2009-07-14,8359.490234,8366.4609375
2009-07-13,8331.679688,8328.4130859375
2009-07-10,8146.52002,8139.66650390625
2009-07-09,8183.169922,8186.74267578125
2009-07-08,8178.410156,8182.78662109375
2009-07-07,8163.600098,8157.97705078125
2009-07-06,8324.870117,8324.677734375
2009-07-02,8280.740234,8288.5107421875
2009-07-01,8504.05957,8500.3271484375
2009-06-30,8447.0,8453.0595703125
2009-06-29,8529.379883,8522.69921875
2009-06-26,8438.389648,8443.166015625
2009-06-25,8472.400391,8470.458984375
2009-06-24,8299.860352,8285.947265625
2009-06-23,8322.910156,8324.5927734375
2009-06-22,8339.009766,8312.6123046875
2009-06-19,8539.730469,8542.8349609375
2009-06-18,8555.599609,8556.248046875
2009-06-17,8497.179688,8494.5615234375
2009-06-16,8504.669922,8515.85546875
2009-06-15,8612.129883,8622.4384765625
2009-06-12,8799.259766,8801.787109375
2009-06-11,8770.919922,8764.337890625
2009-06-10,8739.019531,8713.3955078125
2009-06-09,8763.05957,8765.5205078125
2009-06-08,8764.490234,8770.90234375
2009-06-05,8763.129883,8759.7998046875
2009-06-04,8750.240234,8751.1865234375
2009-06-03,8675.240234,8668.9072265625
2009-06-02,8740.870117,8754.2587890625
2009-06-01,8721.44043,8722.5380859375
2009-05-29,8500.330078,8542.0859375
2009-05-28,8403.799805,8395.767578125
2009-05-27,8300.019531,8299.8662109375
2009-05-26,8473.490234,8470.890625
2009-05-22,8277.320312,8292.302734375
2009-05-21,8292.129883,8288.2841796875
2009-05-20,8422.040039,8461.1201171875
2009-05-19,8474.849609,8470.1240234375
2009-05-18,8504.080078,8512.568359375
2009-05-15,8268.639648,8268.345703125
2009-05-14,8331.320312,8330.6826171875
2009-05-13,8284.889648,8283.0712890625
2009-05-12,8469.110352,8499.59375
2009-05-11,8418.769531,8410.6494140625
2009-05-08,8574.650391,8578.62890625
2009-05-07,8409.849609,8402.3642578125
2009-05-06,8512.280273,8515.8828125
2009-05-05,8410.650391,8417.310546875
2009-05-04,8426.740234,8562.6162109375
2009-05-01,8212.410156,8215.6689453125
2009-04-30,8168.120117,8168.775390625
2009-04-29,8185.72998,8224.236328125
2009-04-28,8016.950195,8013.28173828125
2009-04-27,8025.0,8034.08203125
2009-04-24,8076.290039,8108.552734375
2009-04-23,7957.060059,7961.236328125
2009-04-22,7886.569824,7891.85595703125
2009-04-21,7969.560059,7979.61669921875
2009-04-20,7841.72998,7833.9658203125
2009-04-17,8131.330078,8027.04052734375
2009-04-16,8125.430176,8128.4541015625
2009-04-15,8029.620117,8035.3271484375
2009-04-14,7920.180176,7925.56103515625
2009-04-13,8057.810059,8067.25537109375
2009-04-09,8083.379883,8252.9140625
2009-04-08,7837.109863,7906.75439453125
2009-04-07,7789.560059,7784.13818359375
2009-04-06,7975.850098,7972.51123046875
2009-04-03,8017.589844,8013.10498046875
2009-04-02,7978.080078,7969.16455078125
2009-04-01,7761.600098,7766.578125
2009-03-31,7608.919922,7602.1484375
2009-03-30,7522.02002,7522.791015625
2009-03-27,7776.180176,7794.49072265625
2009-03-26,7924.560059,7926.3642578125
2009-03-25,7749.810059,7754.203125
2009-03-24,7659.970215,7667.77880859375
2009-03-23,7775.859863,7770.20361328125
2009-03-20,7278.379883,7306.26123046875
2009-03-19,7400.799805,7402.7421875
2009-03-18,7486.580078,7490.61279296875
2009-03-17,7395.700195,7391.63232421875
2009-03-16,7216.970215,7213.43798828125
2009-03-13,7223.97998,7225.7470703125
2009-03-12,7170.060059,7216.07763671875
2009-03-11,6930.399902,6927.1201171875
2009-03-10,6926.490234,6947.60205078125
2009-03-09,6547.049805,6517.12548828125
2009-03-06,6626.939941,6637.32275390625
2009-03-05,6594.439941,6644.16552734375
2009-03-04,6875.839844,6876.876953125
2009-03-03,6726.02002,6715.49853515625
2009-03-02,6763.290039,6792.42529296875
2009-02-27,7062.930176,7058.61572265625
2009-02-26,7182.080078,7191.23388671875
2009-02-25,7270.890137,7260.5146484375
2009-02-24,7350.939941,7352.52880859375
2009-02-23,7114.779785,7103.42724609375
2009-02-20,7365.669922,7522.78076171875
2009-02-19,7465.950195,7461.693359375
2009-02-18,7555.629883,7550.37939453125
2009-02-17,7552.600098,7546.859375
2009-02-13,7850.410156,7850.7548828125
2009-02-12,7932.759766,7926.23388671875
2009-02-11,7939.529785,7940.7802734375
2009-02-10,7888.879883,7889.09765625
2009-02-09,8270.870117,8409.9892578125
2009-02-06,8280.589844,8279.4453125
2009-02-05,8063.069824,8058.35205078125
2009-02-04,7956.660156,7942.2236328125
2009-02-03,8078.359863,8076.3203125
2009-02-02,7936.75,7939.6259765625
2009-01-30,8000.859863,7998.89111328125
2009-01-29,8149.009766,8196.3125
2009-01-28,8375.450195,8376.2080078125
2009-01-27,8174.72998,8170.0712890625
2009-01-26,8116.029785,8110.421875
2009-01-23,8077.560059,8074.92724609375
2009-01-22,8122.799805,8119.900390625
2009-01-21,8228.099609,8217.556640625
2009-01-20,7949.089844,7939.71630859375
2009-01-16,8281.219727,8283.30859375
2009-01-15,8212.490234,8205.72265625
2009-01-14,8200.139648,8194.53515625
2009-01-13,8448.55957,8437.265625
2009-01-12,8473.969727,8467.6953125
2009-01-09,8599.179688,8612.2119140625
2009-01-08,8742.459961,8742.0927734375
2009-01-07,8769.700195,8771.921875
2009-01-06,9015.099609,9012.7421875
2009-01-05,8952.889648,8966.474609375
2009-01-02,9034.69043,9036.7880859375
2008-12-31,8776.389648,8775.2021484375
2008-12-30,8668.389648,8713.5380859375
2008-12-29,8483.929688,8481.0908203125
2008-12-26,8515.549805,8509.2392578125
2008-12-24,8468.480469,8461.7080078125
2008-12-23,8419.490234,8431.1279296875
2008-12-22,8519.69043,8518.8798828125
2008-12-19,8579.110352,8601.806640625
2008-12-18,8604.990234,8614.2373046875
2008-12-17,8824.339844,8829.5908203125
2008-12-16,8924.139648,8925.943359375
2008-12-15,8564.530273,8592.9443359375
2008-12-12,8629.679688,8625.9716796875
2008-12-11,8565.089844,8571.7900390625
2008-12-10,8761.419922,8916.5986328125
2008-12-09,8691.330078,8881.8544921875
2008-12-08,8934.179688,8939.6474609375
2008-12-05,8635.419922,8630.779296875
2008-12-04,8376.240234,8380.18359375
2008-12-03,8591.69043,8586.974609375
2008-12-02,8419.089844,8441.671875
2008-12-01,8149.089844,8433.19140625
2008-11-28,8829.040039,8856.271484375
2008-11-26,8726.610352,8724.6884765625
2008-11-25,8479.469727,8489.8427734375
2008-11-24,8443.389648,8436.849609375
2008-11-21,8046.419922,8068.5625
2008-11-20,7552.290039,7551.55810546875
2008-11-19,7997.279785,7990.65771484375
2008-11-18,8424.75,8431.5546875
2008-11-17,8273.580078,8282.3330078125
2008-11-14,8497.30957,8495.3369140625
2008-11-13,8835.25,8836.517578125
2008-11-12,8282.660156,8277.048828125
2008-11-11,8693.959961,8706.7666015625
2008-11-10,8870.540039,8872.0966796875
2008-11-07,8943.80957,8932.71875
2008-11-06,8695.790039,8676.0537109375
2008-11-05,9139.269531,9145.861328125
2008-11-04,9625.280273,9618.00390625
2008-11-03,9319.830078,9315.2431640625
2008-10-31,9325.009766,9324.15234375
2008-10-30,9180.69043,9185.6708984375
2008-10-29,8990.959961,8977.0595703125
2008-10-28,9065.120117,9069.3076171875
2008-10-27,8175.77002,8168.7216796875
2008-10-24,8378.950195,8371.802734375
2008-10-23,8691.25,8700.0595703125
2008-10-22,8519.209961,8517.69140625
2008-10-21,9033.660156,9030.44921875
2008-10-20,9265.429688,9328.341796875
2008-10-17,8852.219727,8863.1494140625
2008-10-16,8979.259766,9010.0771484375
2008-10-15,8577.910156,8589.3759765625
2008-10-14,9310.990234,9300.0498046875
2008-10-13,9387.610352,9418.0263671875
2008-10-10,8451.19043,8449.08984375
2008-10-09,8579.19043,8558.861328125
2008-10-08,9258.099609,9257.095703125
2008-10-07,9447.110352,9448.9609375
2008-10-06,9955.5,9945.2109375
2008-10-03,10325.379883,10298.384765625
2008-10-02,10482.849609,10484.279296875
2008-10-01,10831.070312,10826.83203125
2008-09-30,10850.660156,10841.037109375
2008-09-29,10365.450195,10361.3681640625
2008-09-26,11143.129883,11138.5595703125
2008-09-25,11022.05957,11023.5068359375
2008-09-24,10825.169922,10813.9775390625
2008-09-23,10854.169922,10852.75390625
2008-09-22,11015.69043,11023.4716796875
2008-09-19,11388.44043,11361.3486328125
2008-09-18,11019.69043,11019.4677734375
2008-09-17,10609.660156,10603.4130859375
2008-09-16,11059.019531,11057.2841796875
2008-09-15,10917.509766,10926.607421875
2008-09-12,11421.990234,11418.4912109375
2008-09-11,11433.709961,11417.21484375
2008-09-10,11268.919922,11258.2119140625
2008-09-09,11230.730469,11241.9638671875
2008-09-08,11510.740234,11510.8984375
2008-09-05,11220.959961,11216.24609375
2008-09-04,11188.230469,11171.8271484375
2008-09-03,11532.879883,11521.4580078125
2008-09-02,11516.919922,11504.5126953125
2008-08-29,11543.959961,11536.92578125
2008-08-28,11715.179688,11724.201171875
2008-08-27,11502.509766,11498.9697265625
2008-08-26,11412.870117,11413.548828125
2008-08-25,11386.25,11387.7119140625
2008-08-22,11628.05957,11625.4326171875
2008-08-21,11430.209961,11434.9970703125
2008-08-20,11417.429688,11405.099609375
2008-08-19,11348.549805,11347.9345703125
2008-08-18,11479.389648,11476.60546875
2008-08-15,11659.900391,11684.8603515625
2008-08-14,11615.929688,11610.162109375
2008-08-13,11532.959961,11549.451171875
2008-08-12,11642.469727,11642.7236328125
2008-08-11,11782.349609,11780.0517578125
2008-08-08,11734.320312,11729.576171875
